cell,round,arm,value
history/materialize:10,0,control,25847.790364583332
history/materialize:10,0,candidate,21354.7880859375
history/export:10,0,control,41166.5498046875
history/export:10,0,candidate,36320.787760416664
history/materialize:100,0,control,204820.55078125
history/materialize:100,0,candidate,156083.6357421875
history/export:100,0,control,308509.7431640625
history/export:100,0,candidate,267285.130859375
history/materialize:1000,0,control,2550737.265625
history/materialize:1000,0,candidate,2202778.904296875
history/export:1000,0,control,3567927.916015625
history/export:1000,0,candidate,3226025.330078125
history/materialize:10,1,candidate,21519.389322916668
history/materialize:10,1,control,27644.4169921875
history/export:10,1,candidate,37368.766927083336
history/export:10,1,control,41920.4482421875
history/materialize:100,1,candidate,159154.19173177084
history/materialize:100,1,control,207215.66145833334
history/export:100,1,candidate,267604.3997395833
history/export:100,1,control,312947.3421223958
history/materialize:1000,1,candidate,2174150.8828125
history/materialize:1000,1,control,2614313.833984375
history/export:1000,1,candidate,3529209.990234375
history/export:1000,1,control,3865173.69921875
history/materialize:10,2,control,28557.359049479168
history/materialize:10,2,candidate,22986.55859375
history/export:10,2,control,45093.906901041664
history/export:10,2,candidate,40142.138020833336
history/materialize:100,2,control,225729.73828125
history/materialize:100,2,candidate,173969.87858072916
history/export:100,2,control,343974.0107421875
history/export:100,2,candidate,291317.2386067708
history/materialize:1000,2,control,2794784.271484375
history/materialize:1000,2,candidate,2390694.697265625
history/export:1000,2,control,3909492.771484375
history/export:1000,2,candidate,3479398.234375
